id,title
8427,I Spy
15581,Who's Your Caddy?
9893,Sleepover
18530,The Cry of the Owl
767,Harry Potter and the Half-Blood Prince
395,AVP: Alien vs. Predator
12088,Fortress
1597,Meet the Parents
183894,Emma
1574,Chicago
15017,Blonde Ambition
34043,On the Line
17403,How to Deal
2280,Big
37834,Knight and Day
9946,End of Days
289,Casablanca
260346,Taken 3
873,The Color Purple
299145,Stranded
9600,Big Momma's House
3172,Bandits
83860,October Baby
535,Flashdance
5123,August Rush
2105,American Pie
1391,Y Tu Mamá También
11015,The Relic
34069,Cargo
71676,Ghost Rider: Spirit of Vengeance
48463,Incident at Loch Ness
30141,The Singing Detective
24,Kill Bill: Vol. 1
299245,The Gallows
294600,Last I Heard
61984,Space Battleship Yamato
2268,The Golden Compass
152760,The Monuments Men
184346,Deliver Us from Evil
8069,Barbarella
36668,X-Men: The Last Stand
187017,22 Jump Street
9526,A Prairie Home Companion
10138,Iron Man 2
25461,Raising Victor Vargas
41513,The Smurfs
1648,Bill & Ted's Excellent Adventure
3080,Top Hat
274854,The Last Witch Hunter
11283,Nanny McPhee
84184,Celeste & Jesse Forever
101173,Coriolanus
9686,New York Stories
9678,Little Nicky
10610,The Medallion
342,Summer Storm
64685,Extremely Loud & Incredibly Close
112949,Safe Haven
48382,"The Book of Mormon Movie, Volume 1: The Journey"
130150,Labor Day
81220,Everything Put Together
4011,Beetlejuice
1690,Hostel
82525,Savages
82703,Mr. Peabody & Sherman
292481,Henry & Me
28089,The Messenger
14359,Doubt
32395,The Greatest
192210,Open Road
11191,Mystic Pizza
8469,Animal House
59,A History of Violence
22881,The Blind Side
1417,Pan's Labyrinth
279,Amadeus
46256,The Lion of Judah
49517,Tinker Tailor Soldier Spy
47890,Sphinx
23048,Hot Tub Time Machine
238636,The Purge: Anarchy
68202,Without Men
37821,Killers
4958,The Legend of Bagger Vance
27360,King's Ransom
16690,Return to Never Land
990,The Hustler
119283,Parker
2067,Mission to Mars
11459,Sky High
16558,Duplicity
10878,Saving Silverman
26618,Clay Pigeons
155,The Dark Knight
12154,Three Men and a Baby
22,Pirates of the Caribbean: The Curse of the Black Pearl
1997,Two Brothers
41823,Mo' Better Blues
667,You Only Live Twice
1880,Red Dawn
31915,Prophecy
22803,Law Abiding Citizen
874,A Man for All Seasons
71552,American Reunion
199,Star Trek: First Contact
13922,The Great Raid
258755,Hidden Away
23483,Kick-Ass
9613,Spider
91070,L!fe Happens
26815,Rocket Singh: Salesman of the Year
40185,Camping Sauvage
27404,My Big Fat Independent Movie
97430,The Man with the Iron Fists
948,Halloween
11153,National Lampoon's Vacation
209403,Bad Words
11386,The Crying Game
8913,Pet Sematary
10895,Pinocchio
30246,Civil Brand
11228,Daylight
335874,Childless
21355,All the Pretty Horses
67675,Glee: The Concert Movie
9288,Dungeons & Dragons: Wrath of the Dragon God
347126,God's Not Dead 2
68718,Django Unchained
72976,Lincoln
12837,The Secret Life of Bees
43213,Chicago Overcoat
10397,Angela's Ashes
38665,The Legend of the Lone Ranger
4327,Charlie's Angels
9443,Chariots of Fire
329540,The Marine 4: Moving Target
209274,Ida
8698,The League of Extraordinary Gentlemen
2148,The Cotton Club
287625,Stories of Our Lives
10053,When a Stranger Calls
39806,Princess Kaiulani
11775,Intolerable Cruelty
14425,PCU
376004,Adulterers
57165,Wrath of the Titans
14022,Slacker
7863,Shine
23169,Remember Me
65754,The Girl with the Dragon Tattoo
72766,Newlyweds
10199,The Tale of Despereaux
37735,Easy A
228550,Raymond Did It
22215,Cheri
1901,In Good Company
9637,Scooby-Doo
70160,The Hunger Games
9665,Glory
1372,Blood Diamond
14758,Good Dick
25195,Leap Year
290370,Mutant World
270554,Echo Dr.
48035,Ordet
11467,America's Sweethearts
18501,Gamer
64689,Killing Them Softly
8592,Dick Tracy
787,Mr. & Mrs. Smith
50942,Creature
225235,The Geographer Drank His Globe Away
7214,Coach Carter
34563,Our Family Wedding
11531,Book of Shadows: Blair Witch 2
270946,Penguins of Madagascar
9772,Air Force One
147441,Exodus: Gods and Kings
179144,The Great Beauty
9731,Friday the 13th: A New Beginning
4824,The Jackal
80585,Rock of Ages
26837,B-Girl
9962,The Good Girl
1988,A Mighty Heart
76163,The Expendables 2
66767,Beat the World
11237,Anacondas: The Hunt for the Blood Orchid
11323,The Informant!
9275,Death to Smoochy
13600,City of Ember
813,Airplane!
87,Indiana Jones and the Temple of Doom
2001,We Own the Night
7305,Alive
271110,Captain America: Civil War
10428,Hackers
164558,One Direction: This Is Us
172,Star Trek V: The Final Frontier
12509,Pollock
9335,Transporter 2
9582,A Guy Thing
76489,The Three Stooges
62116,Mozart's Sister
12596,Pushing Tin
74084,Dil Jo Bhi Kahey...
9535,Analyze This
13788,The Unborn
849,Krull
18701,Being Julia
8416,The Conformist
10431,War
334527,Criminal Activities
12138,3000 Miles to Graceland
31535,Chairman of the Board
60304,Hansel & Gretel: Witch Hunters
1734,The Mummy Returns
17431,Moon
19913,(500) Days of Summer
5516,The Ladykillers
26352,A Low Down Dirty Shame
10586,The Ghost and the Darkness
36647,Blade
222935,The Fault in Our Stars
7518,Over the Hedge
18840,The White Countess
12160,Wyatt Earp
328387,Nerve
18713,The Jerky Boys
11194,Touching the Void
848,Dragonslayer
22971,Dear John
40807,50/50
4922,The Curious Case of Benjamin Button
19899,Couples Retreat
138832,We're the Millers
44826,Hugo
4234,Scream 3
1833,Rent
13689,Peaceful Warrior
12412,Miracle at St. Anna
20862,Smoke Signals
176077,Enter the Dangerous Mind
245,About a Boy
1894,Star Wars: Episode II - Attack of the Clones
16337,The Texas Chainsaw Massacre 2
12618,Random Hearts
9441,Stepmom
9352,EuroTrip
211086,Faith Connections
58,Pirates of the Caribbean: Dead Man's Chest
309809,The Little Prince
56288,Spy Kids: All the Time in the World
9594,Double Impact
144336,Sabotage
30082,Forty Shades of Blue
28665,Fame
36047,The In Crowd
1370,Rambo III
58428,The Innkeepers
318850,The Young Messiah
1088,Whale Rider
174311,All Is Bright
13223,Gran Torino
2142,Cop Land
14434,I Think I Love My Wife
77950,Turbo
82679,Fun Size
10894,May
244403,Rudderless
225886,Sex Tape
9273,Ace Ventura: When Nature Calls
149,Akira
70436,The Raven
14538,Three Kingdoms: Resurrection of the Dragon
4723,Southland Tales
11132,Confessions of a Teenage Drama Queen
2044,The Lake House
10731,The Client
37233,The Firm
38970,"Remember Me, My Love"
253331,Black or White
10366,Universal Soldier: The Return
10481,102 Dalmatians
11564,Class of 1984
40688,Meet the Deedles
11798,This Is England
12454,All or Nothing
16643,Life or Something Like It
15992,Abandon
11199,Wild Hogs
380,Rain Man
11866,Flight of the Phoenix
15198,"Mystery, Alaska"
256917,The Water Diviner
14474,The Oh in Ohio
534,Terminator Salvation
18320,The Young Victoria
4233,Scream 2
13785,Best in Show
13908,The Master of Disguise
12163,The Wrestler
10395,Wolf
1667,March of the Penguins
1368,First Blood
4232,Scream
323967,Walter
284293,Still Alice
336004,Heist
4476,Legends of the Fall
544,There's Something About Mary
170687,The Boxtrolls
51820,The Salon
810,Shrek the Third
303858,Money Monster
13948,An American Carol
89861,Stiff Upper Lips
4442,The Brothers Grimm
347548,Containment
582,The Lives of Others
338,"Good bye, Lenin!"
79120,Weekend
297596,Dying of the Light
126186,Shanghai Calling
18,The Fifth Element
13812,Quarantine
14113,Zoom
4806,Runaway Bride
9957,The Benchwarmers
71679,Resident Evil: Retribution
1051,The French Connection
15268,Street Fighter: The Legend of Chun-Li
2074,Flirting with Disaster
10327,"Legally Blonde 2: Red, White & Blonde"
296098,Bridge of Spies
9331,Clear and Present Danger
55123,Tumbleweeds
783,Gandhi
8224,8MM
2059,National Treasure
42151,Down Terrace
4964,Knocked Up
4547,Panic Room
10822,Savage Grace
55561,Clockwatchers
7978,The Wolfman
3082,Modern Times
94348,Alex Cross
43933,Monsters
20083,Shinjuku Incident
700,Octopussy
8875,Timber Falls
37724,Skyfall
40428,8: The Mormon Proposition
1213,The Talented Mr. Ripley
10592,Hart's War
34813,The Losers
116149,Paddington
9729,Where the Truth Lies
41402,Let Me In
37950,Charlie St. Cloud
10307,Stigmata
6978,Big Trouble in Little China
1619,The Way of the Gun
15389,Metropolitan
9659,Mad Max
27191,The Greatest Show on Earth
74725,Kill List
16205,Jack Brooks: Monster Slayer
15239,The Toxic Avenger
274,The Silence of the Lambs
18841,The Lost Skeleton of Cadavra
18712,Sands of Iwo Jima
39437,Beloved
67911,Bucky Larson: Born to Be a Star
8090,Untraceable
9297,Monster House
40805,The Green Hornet
10163,The Lawnmower Man
10402,Deuce Bigalow: Male Gigolo
253306,Housebound
4553,The Machinist
76757,Jupiter Ascending
9619,Dante's Peak
786,Almost Famous
11975,The Rainmaker
26320,Taking Woodstock
2447,The Nativity Story
9533,Red Dragon
64328,The Muppets
10877,Exit Wounds
12506,Cry Freedom
9087,The American President
36691,Solitary Man
8487,Wild Wild West
957,Spaceballs
5876,The Mist
12637,"New York, New York"
16016,Journey to Saturn
26602,Summer Catch
76649,Pompeii
2989,Roar
44009,Another Year
54138,Star Trek Into Darkness
2026,Hostage
9705,Swordfish
82675,Taken 2
9473,"South Park: Bigger, Longer & Uncut"
98369,Blue Like Jazz
49948,Fantasia 2000
7870,Down in the Valley
9339,Click
347764,Goddess of Love
2162,Chill Factor
40160,Meteor
10760,Sydney White
389425,Code of Honor
273895,Selma
133694,Promised Land
134371,Atlas Shrugged Part II
2310,Beowulf
6537,The Orphanage
70687,The Sticky Fingers of Time
66,Absolute Power
86838,Seven Psychopaths
13776,Diner
12410,Good
300673,The Finest Hours
385383,Fight Valley
45658,Everything Must Go
6477,Alvin and the Chipmunks
58048,Shanghai Surprise
10117,Action Jackson
21345,City of Life and Death
1893,Star Wars: Episode I - The Phantom Menace
319069,Censored Voices
80215,Indie Game: The Movie
323271,Unsullied
25983,The House of the Devil
755,From Dusk Till Dawn
1599,I Heart Huckabees
34341,Men with Brooms
49049,Dredd
14175,Valiant
9778,Serendipity
14624,The Ultimate Gift
11658,Tae Guk Gi: The Brotherhood of War
4911,Dark Blue
98549,The Legend of Hell's Gate: An American Conspiracy
135595,Trade Of Innocents
296,Terminator 3: Rise of the Machines
1865,Pirates of the Caribbean: On Stranger Tides
244339,Out of Inferno
2056,The Station Agent
18632,A Dog's Breakfast
11545,Rushmore
9400,Set It Off
146,"Crouching Tiger, Hidden Dragon"
109091,The Counselor
4944,Burn After Reading
10530,Pocahontas
15373,Role Models
10003,The Saint
44555,"A Woman, a Gun and a Noodle Shop"
45324,Casino Jack
79694,The Apparition
10773,Mrs Henderson Presents
1440,Little Children
98566,Teenage Mutant Ninja Turtles
2359,Sicko
113947,The Sessions
331493,Light from the Darkroom
157849,A Most Wanted Man
398,Capote
205220,Philomena
291081,Red Riding: In the Year of Our Lord 1974
9302,Up Close & Personal
169,Predator 2
73511,The Californians
10184,He's Just Not That Into You
22007,Train
1116,The Wind That Shakes the Barley
12479,Breakfast of Champions
227735,Dolphin Tale 2
38786,The Blood of My Brother: A Story of Death in Iraq
95,Armageddon
49017,Dracula Untold
11056,Darkness
20468,The Big Tease
226,Boys Don't Cry
8854,Steel
508,Love Actually
10383,Lost Souls
1781,An Inconvenient Truth
55903,Betty Fisher and Other Stories
21610,Nighthawks
10808,Dr. Dolittle 2
19908,Zombieland
9869,Patriot Games
51588,Prom
2022,Mr. Deeds
10140,The Chronicles of Narnia: The Voyage of the Dawn Treader
25704,Post Grad
71859,We Need to Talk About Kevin
2043,Along Came a Spider
9675,Sideways
13983,Finishing The Game
1830,Lord of War
55604,Boom Town
5393,Happily N'Ever After
252680,Moms' Night Out
320146,Creative Control
68726,Pacific Rim
5503,The Fugitive
80278,The Impossible
1947,An Unfinished Life
72571,Paranormal Activity 3
9045,Amen.
10202,Bedtime Stories
218778,"Alexander and the Terrible, Horrible, No Good, Very Bad Day"
20697,Ready to Rumble
8065,21
50875,Higher Ground
115,The Big Lebowski
3682,54
59930,The Inkwell
70829,The Last Godfather
51162,Winnie the Pooh
261023,Black Mass
4012,The Believer
10527,Madagascar: Escape 2 Africa
60400,The Blue Bird
10313,The Men Who Stare at Goats
27995,She's Gotta Have It
10050,Get Over It
177677,Mission: Impossible - Rogue Nation
84175,Beasts of the Southern Wild
11186,Child's Play 2
1710,Copycat
24684,An Education
11519,1941
36657,X-Men
259943,Coming Home
687,Dead Man Walking
68727,Trance
10160,A Nightmare on Elm Street 5: The Dream Child
38745,Gulliver's Travels
14608,Partition
22301,Hell's Angels
2080,X-Men Origins: Wolverine
11442,Halloween: Resurrection
9029,What Happens in Vegas
59965,Abduction
58051,Housefull
19644,Silmido
8942,Wendy and Lucy
19204,The Beyond
862,Toy Story
14156,Impact Point
65086,The Woman in Black
13836,Race to Witch Mountain
14662,Slums of Beverly Hills
76349,1911
9408,Surf's Up
228970,Wild
20296,Chocolate: Deep Dark Secrets
98,Gladiator
29912,The Robe
175541,Black Nativity
317930,Compadres
11601,Stir of Echoes
10634,Friday
34314,Turbulence
50725,Take Me Home Tonight
1282,Dogtown and Z-Boys
451,Leaving Las Vegas
35689,Don McKay
13363,The Man from Earth
13682,Pooh's Heffalump Movie
106646,The Wolf of Wall Street
39538,Contagion
1649,Bill & Ted's Bogus Journey
3028,Jekyll and Hyde ... Together Again
14623,Thunderbirds
345003,10 Days in a Madhouse
8077,Alien³
9618,Tango & Cash
703,Annie Hall
11162,The Merchant of Venice
8643,The Exorcism of Emily Rose
256962,Little Boy
10727,Darkness Falls
25166,Drowning Mona
8998,Friends with Money
10357,Volcano
13370,A Mighty Wind
846,The X Files
257211,The Intern
10416,What Planet Are You From?
8920,Garfield
12901,No End in Sight
24803,Julie & Julia
13335,Harold & Kumar Escape from Guantanamo Bay
1090,The Thirteenth Floor
41479,The Joneses
137321,Winter's Tale
11780,Rob Roy
44115,127 Hours
35019,Nanny McPhee and the Big Bang
267935,The BFG
77332,Urbania
72190,World War Z
29996,Solomon and Sheba
12211,Highlander: Endgame
191714,The Lunchbox
9709,My Summer of Love
34723,The Adventures of Huck Finn
11932,Bride of Chucky
71805,Shipwrecked
71469,The Darkest Hour
61337,Critical Care
334074,Survivor
41630,No Strings Attached
100,"Lock, Stock and Two Smoking Barrels"
14256,Winter Passing
2637,The Mothman Prophecies
9702,Bound by Honor
227306,Unbroken
68924,The Ice Storm
9389,Renaissance
38303,You Again
171274,Inherent Vice
31175,Soul Kitchen
11598,The Kentucky Fried Movie
9691,Assassins
39183,Once in a Lifetime: The Extraordinary Story of the New York Cosmos
264656,The Homesman
42889,The Virginity Hit
8914,Deep Blue Sea
10890,Stripes
101179,Truth or Dare
26389,From Paris with Love
8584,Shanghai Noon
1422,The Departed
6961,The Wedding Date
8470,John Q
14405,Beverly Hills Chihuahua
33217,Diary of a Wimpy Kid
257088,Point Break
259694,How to Be Single
44638,The Tempest
13066,I Want Someone to Eat Cheese With
19901,Daybreakers
244772,The Skeleton Twins
58882,Snow Flower and the Secret Fan
37903,The White Ribbon
14014,The Hammer
122917,The Hobbit: The Battle of the Five Armies
10246,Porky's
98568,Enter Nowhere
11495,Firestarter
9783,Sublime
6964,Something's Gotta Give
103,Taxi Driver
193756,Lone Survivor
73247,Heartbeeps
17926,Undiscovered
74510,Kevin Hart: Laugh at My Pain
6278,Reign of Fire
185008,Yeh Jawaani Hai Deewani
26688,Sorority Row
1359,American Psycho
9361,The Last of the Mohicans
44943,Battle: Los Angeles
36658,X2
35688,Why Did I Get Married Too?
116584,Valley of the Heart's Delight
9032,Big Daddy
7859,Half Nelson
32222,American Desi
25189,The Mirror Has Two Faces
11025,New York Minute
49787,The Reef
11026,Exorcist: The Beginning
62214,Frankenweenie
76487,The Devil Inside
14202,The Painted Veil
9947,Elektra
707,A View to a Kill
41382,Lottery Ticket
40652,The Married Woman
10628,Kangaroo Jack
1494,Curse of the Golden Flower
9819,Marvin's Room
27586,The Runaways
8953,Steamboy
87428,That's My Boy
32316,Marci X
9312,Mortal Kombat
18516,Adam Resurrected
14631,The Work and the Glory II: American Zion
2133,The Perfect Storm
20178,World's Greatest Dad
408429,Perfect Cowboy
210577,Gone Girl
66607,Saving Private Perez
72431,Red Tails
242095,The Signal
10314,She's All That
20,My Life Without Me
116977,Foodfight!
2034,Training Day
38055,Megamind
53256,Three
10336,Spawn
11359,The Indian in the Cupboard
1620,Hitman
2757,Adaptation.
72387,Safe
27455,Foolish
1726,Iron Man
7451,xXx
367551,American Hero
27205,Inception
11004,Wonder Boys
956,Mission: Impossible III
17332,The Soloist
85446,Step Up Revolution
20737,Air Bud
52015,Stake Land
277519,Z Storm
45054,There Be Dragons
9647,Scrooged
161795,Déjà Vu
12150,Sea of Love
9625,The Glimmer Man
9746,Kundun
3132,Bad Company
1844,Entrapment
9574,Flubber
357837,Dancin' It's On
23618,The Original Kings of Comedy
7501,Knockaround Guys
10022,The Pacifier
6439,Racing Stripes
39053,Cyrus
11113,My Fair Lady
608,Men in Black II
6071,Kiss of Death
43839,Alexander's Ragtime Band
90,Beverly Hills Cop
1257,Because I Said So
36355,Flipper
6068,Six Days Seven Nights
168672,American Hustle
10029,Very Bad Things
20616,Swimfan
127560,The Railway Man
3587,Bogus
49047,Gravity
125263,Broken Vessels
86304,All Superheroes Must Die
77156,Alien Zone
22074,Capitalism: A Love Story
139998,Supporting Characters
10386,The Iron Giant
19556,Miss March
227348,Paranormal Activity: The Marked Ones
319910,Broken Horses
31640,Blood and Wine
287424,Maggie
11240,My Beautiful Laundrette
94329,The Raid
96534,My Last Day Without You
43630,The Helix... Loaded
235,Stand by Me
4105,Black Rain
9689,Hollywood Ending
13460,Doomsday
113406,Should've Been Romeo
266856,The Theory of Everything
8842,Against the Ropes
9799,The Fast and the Furious
11208,Wicker Park
14181,Boiler Room
985,Eraserhead
673,Harry Potter and the Prisoner of Azkaban
78381,Twixt
12228,Inside Deep Throat
164372,The Snow Queen
12158,Vampire in Brooklyn
17202,Why Did I Get Married?
288927,Archaeology of a Woman
2085,Romeo Must Die
1366,Rocky
573,Frenzy
294272,Pete's Dragon
226354,The Christmas Candle
19905,"The Goods: Live Hard, Sell Hard"
4107,Bloody Sunday
51384,"Lovely, Still"
227,The Outsiders
1551,Flatliners
10014,A Nightmare on Elm Street Part 2: Freddy's Revenge
21755,The Brothers Bloom
242575,"Guten Tag, Ramón"
88751,Journey to the Center of the Earth
9336,Police Academy
203833,The Book Thief
4970,Gothika
72559,G.I. Joe: Retaliation
333348,Love the Coopers
1415,Party Monster
6106,Salvador
14778,Last Orders
8452,The 6th Day
157336,Interstellar
380097,America Is Still the Place
14655,Soul Men
30315,Kingdom of the Spiders
244114,Firestorm
15673,Connie and Carla
58595,Snow White and the Huntsman
8840,DragonHeart
50456,Hanna
100275,Eddie: The Sleepwalking Cannibal
312791,GirlHouse
7347,Elite Squad
17663,Anne of Green Gables
88036,Sparkle
140300,Kung Fu Panda 3
323675,Ride Along 2
27380,Megaforce
43931,My Soul to Take
70875,The Harvest (La Cosecha)
1999,In the Bedroom
24363,House of D
6020,Sorority Boys
377,A Nightmare on Elm Street
33157,Waterloo
14435,My Bloody Valentine
206412,Lisa Picard Is Famous
29371,The Incredibly True Adventure of Two Girls In Love
14293,Poolhall Junkies
12227,White Fang
68721,Iron Man 3
9766,Gridiron Gang
116741,The Internship
352978,Chain of Command
9053,DOA: Dead or Alive
6073,The Mexican
10390,For Love of the Game
10214,Son of the Mask
57612,Dolphins and Whales: Tribes of the Ocean
13982,8 Heads in a Duffel Bag
39141,Tadpole
4551,Be Cool
6116,Spice World
913,The Thomas Crown Affair
13198,Wristcutters: A Love Story
8665,K-19: The Widowmaker
72545,Journey 2: The Mysterious Island
14012,Flicka
228161,Home
58574,Sherlock Holmes: A Game of Shadows
62764,Mirror Mirror
235271,Addicted
34647,Enter the Void
55616,Dracula: Pages from a Virgin's Diary
32579,Under the Same Moon
9016,Treasure Planet
261,Cat on a Hot Tin Roof
2755,About Schmidt
2114,Final Fantasy: The Spirits Within
114065,Down & Out With The Dolls
7278,Meet the Spartans
1788,Footloose
29122,An Everlasting Piece
80035,The Watch
50839,Margin Call
11778,The Deer Hunter
11858,Renaissance Man
77930,Magic Mike
82507,Sinister
8871,How the Grinch Stole Christmas
22824,The Fourth Kind
64686,47 Ronin
10925,The Return of the Living Dead
11452,National Lampoon’s Van Wilder
9072,Little Man
9104,Buffalo Soldiers
13824,Superstar
19344,Loving Annabelle
227159,Horrible Bosses 2
809,Shrek 2
84401,Sholem Aleichem: Laughing In The Darkness
18828,Double Take
14337,Primer
238,The Godfather
3536,U-571
11353,Bowfinger
87093,Big Eyes
18074,Duets
8987,The River Wild
539,Psycho
17577,The Devil's Tomb
77883,The Possession
14709,Varsity Blues
268171,Elsa & Fred
2503,The Bourne Ultimatum
87826,Here Comes the Boom
8656,Deep Impact
11688,The Emperor's New Groove
291362,Road Hard
270303,It Follows
76996,Love and Other Catastrophes
6520,First Knight
35169,Furry Vengeance
27576,Salt
18925,Facing the Giants
10135,Road House
280,Terminator 2: Judgment Day
9383,Hollow Man
25784,Journey from the Fall
9907,Barnyard
325789,The Infiltrator
286217,The Martian
9035,Slither
1103,Escape from New York
44945,Trust
59859,Kick-Ass 2
14560,Paul Blart: Mall Cop
426469,Growing Up Smith
820,JFK
5708,Control
1858,Transformers
10013,Peggy Sue Got Married
179,The Interpreter
133698,Fly Me to the Moon
107811,21 & Over
70981,Prometheus
12244,9
6615,Lars and the Real Girl
25066,Tales from the Hood
947,Lawrence of Arabia
283671,Jungle Shuffle
13250,Butterfly on a Wheel
190859,American Sniper
601,E.T. the Extra-Terrestrial
2157,Lost in Space
507,Killing Zoe
10480,Nurse Betty
8676,Fool's Gold
9682,Pulse
322443,The Timber
25379,The Blue Butterfly
49524,R.I.P.D.
114150,Pitch Perfect
10685,The Watcher
10159,The Rundown
58680,Woo
34549,Max Keeble's Big Move
15708,Latter Days
762,Monty Python and the Holy Grail
8944,What Just Happened
859,Dangerous Liaisons
278316,Da Sweet Blood of Jesus
345,Eyes Wide Shut
25941,Harry Brown
294254,Maze Runner: The Scorch Trials
52790,The Basket
56930,Tycoon
326284,Pound of Flesh
9067,Tank Girl
590,The Hours
14139,Timecrimes
9942,Major League
6972,Australia
8741,The Thin Red Line
222649,Rosewater
14034,What's the Worst That Could Happen?
109421,Side Effects
10066,House of Wax
29193,The Spanish Prisoner
45269,The King's Speech
10167,Half Past Dead
9703,The Last Legion
11023,Thirteen
12207,The Legend of Drunken Master
45649,Rubber
37718,The Muse
29920,Easy Money
675,Harry Potter and the Order of the Phoenix
14199,The Adventures of Sharkboy and Lavagirl
126319,Ernest & Celestine
11586,Exorcist II: The Heretic
5255,The Polar Express
31163,Chicken Tikka Masala
688,The Bridges of Madison County
25975,My Date with Drew
11648,Must Love Dogs
316727,The Purge: Election Year
157058,30 Nights of Paranormal Activity With the Devil Inside the Girl With the Dragon Tattoo
7873,Harsh Times
361475,Departure
138976,Treachery
10550,Ballistic: Ecks vs. Sever
87818,Movie 43
72331,Abraham Lincoln: Vampire Hunter
634,Bridget Jones's Diary
9282,11:14
59981,Legends of Oz: Dorothy's Return
13156,Secondhand Lions
10439,Hocus Pocus
49951,Certifiably Jonathan
10131,A Nightmare on Elm Street 4: The Dream Master
226486,Tammy
39781,The Kids Are All Right
10024,My Sister's Keeper
26039,Point Blank
16148,Zero Effect
10611,Barbershop
334531,My All American
41508,Fateless
3062,42nd Street
546,Transamerica
272726,Dude Where's My Dog?
23330,The Ballad of Cable Hogue
2895,The Apostle
118957,Bait
9713,Holy Man
272878,Max
72914,"Fat, Sick & Nearly Dead"
13503,Texas Rangers
8046,Gigli
6488,Arachnophobia
4953,Be Kind Rewind
2698,Evan Almighty
11190,The Return
34417,Good Intentions
10844,Out of the Blue
45226,The Pursuit of D.B. Cooper
13856,Special
925,Do the Right Thing
8326,Holes
32274,Cradle Will Rock
8587,The Lion King
11129,Human Traffic
44594,Barry Munday
11812,The Sweetest Thing
10994,White Oleander
38073,Going the Distance
14112,Auto Focus
146239,Delivery Man
22907,Takers
9824,Mystery Men
309919,The Curse of Downers Grove
13154,Showdown in Little Tokyo
66125,Red Dog
592,The Conversation
8699,Anchorman: The Legend of Ron Burgundy
704,A Hard Day's Night
1819,"You, Me and Dupree"
16899,Easy Virtue
4256,Scary Movie 3
708,The Living Daylights
10528,Sherlock Holmes
18681,Eye of the Beholder
10664,[REC]²
82631,Won't Back Down
2787,Pitch Black
182873,Green Street Hooligans: Underground
24747,Bobby Jones: Stroke of Genius
22488,Love's Abiding Joy
137,Groundhog Day
1995,Lara Croft: Tomb Raider
17654,District 9
11219,The Trouble with Harry
46738,Incendies
167073,Brooklyn
39013,Winter's Bone
1691,Hostel: Part II
854,The Mask
18923,A Home at the End of the World
10641,Autumn in New York
50546,Just Go with It
35690,The Last Song
2300,Space Jam
271718,Trainwreck
10691,Crazy/Beautiful
49521,Man of Steel
11093,House of Sand and Fog
4421,G.I. Jane
10861,Maximum Risk
10426,Friday After Next
2253,Valkyrie
84355,Your Sister's Sister
943,Lethal Weapon 3
24746,Six-String Samurai
14576,Shade
13994,Romance & Cigarettes
24424,Ajami
9367,El Mariachi
289180,H.
288980,Freedom
10077,A Sound of Thunder
802,Lolita
296099,Vacation
1646,Freedom Writers
248402,A Fine Step
18892,Jawbreaker
268920,Hot Pursuit
93456,Despicable Me 2
14195,Cecil B. Demented
15927,A Passage to India
15648,The Perfect Man
10468,28 Days
257087,The Veil
1808,Velvet Goldmine
10496,Bats
146216,RED 2
301748,The Opposite Sex
13919,The Chumscrubber
10185,The Midnight Meat Train
11165,Tora! Tora! Tora!
46261,Don't Be Afraid of the Dark
1683,The Reaping
68734,Argo
11870,Big Fat Liar
173,"20,000 Leagues Under the Sea"
616,The Last Samurai
1424,November
34697,Butterfly
234212,Demonic
5551,Space Cowboys
9358,Final Destination 2
7453,The Hitchhiker's Guide to the Galaxy
54702,Malevolence
5038,Vicky Cristina Barcelona
283384,The Calling
2293,Mallrats
121,The Lord of the Rings: The Two Towers
277,Underworld
9800,Philadelphia
1685,Beneath the Planet of the Apes
12113,Body of Lies
5915,Into the Wild
281189,Gory Gory Hallelujah
41317,Caravans
55465,A Very Harold & Kumar Christmas
6023,P.S. I Love You
55831,Boynton Beach Club
201,Star Trek: Nemesis
332,Inspector Gadget
38007,Ira & Abby
12155,Alice in Wonderland
332567,The Shallows
11007,Cheaper by the Dozen
137106,The Lego Movie
41439,Saw: The Final Chapter
26379,Paa
562,Die Hard
38985,Sorcerer
210860,Mortdecai
217708,Of Horses and Men
1895,Star Wars: Episode III - Revenge of the Sith
19724,Imagine That
295964,Burnt
9884,Collateral Damage
36643,The World Is Not Enough
11375,Hollywood Homicide
86549,August
29963,Bright Star
10217,The Sweet Hereafter
10096,13 Going on 30
16871,Drag Me to Hell
40769,Mutual Appreciation
37799,The Social Network
162903,The Fifth Estate
11835,Death Sentence
15797,Only the Strong
8141,You Kill Me
287815,Call + Response
18292,George Washington
2675,Signs
45650,The Hole
343409,Windsor Drive
24356,Masked and Anonymous
13579,The Longshots
12246,Mongol: The Rise of Genghis Khan
773,Little Miss Sunshine
11058,Godsend
292,Dave Chappelle's Block Party
8617,Prom Night
10537,The Doors
9036,Eight Below
194,Amélie
57800,Ice Age: Continental Drift
146233,Prisoners
136835,No Good Deed
313922,Green Room
1073,Arlington Road
68722,The Master
1124,The Prestige
9008,The Insider
9096,Medicine Man
48309,Prison
32823,Get Him to the Greek
12,Finding Nemo
31174,Richard III
9969,Deck the Halls
39210,Somewhere
11066,Boomerang
6016,The Good Thief
14451,Dead Snow
9437,Kiss the Girls
19366,Josie and the Pussycats
21074,Brick Lane
4965,Impostor
13374,Ice Princess
69640,Lies in Plain Sight
68412,3 Backyards
38415,Bran Nue Dae
51828,One Day
55787,Water for Elephants
13,Forrest Gump
421,The Life Aquatic with Steve Zissou
290825,Yoga Hosers
41248,The Girl on the Train
9763,Goal!: The Dream Begins
29463,Krush Groove
146882,Elza
13405,The Children of Huang Shi
193722,R100
22821,The Boondock Saints II: All Saints Day
12779,Swept Away
1724,The Incredible Hulk
2118,L.A. Confidential
16110,Thomas and the Magic Railroad
16,Dancer in the Dark
228194,The Hundred-Foot Journey
1250,Ghost Rider
13820,Repo Man
36739,School Daze
497,The Green Mile
11588,The I Inside
8872,Wayne's World
8669,Charlie Bartlett
1369,Rambo: First Blood Part II
3179,Beavis and Butt-Head Do America
11184,Kinsey
48171,The Rite
9779,The Sisterhood of the Traveling Pants
14544,Roll Bounce
298312,The Visit
9697,Lady in the Water
138697,Don Jon
394047,The Dog Lover
9889,Shallow Hal
6519,The Dukes of Hazzard
12094,Jackass Number Two
1651,Mississippi Mermaid
10914,All Hat
8273,American Wedding
13160,Over Her Dead Body
1911,The 13th Warrior
16523,Where the Wild Things Are
64688,21 Jump Street
44944,For Colored Girls
13768,Tuck Everlasting
30943,The Deep End of the Ocean
10533,The Scarlet Letter
66942,Griff the Invisible
4347,Atonement
7446,Tropic Thunder
43539,The Next Three Days
84178,Black Rock
157185,Tin Can Man
271185,Ask Me Anything
8457,Drillbit Taylor
16155,Safe Men
252512,While We're Young
16300,Down to Earth
380733,Fight to the Finish
15067,"The Good, The Bad, The Weird"
10017,The Wraith
38356,Transformers: Dark of the Moon
152742,The Best Offer
10115,Stick It
11336,The Dead Zone
29078,The Game of Their Lives
14114,You Got Served
63492,What's Your Number?
320,Insomnia
2185,Big Trouble
166624,Treading Water
79940,Tim and Eric's Billion Dollar Movie
121986,Frances Ha
2959,License to Wed
558,Spider-Man 2
10067,The Shaggy Dog
78394,Sea Rex 3D: Journey to a Prehistoric World
10364,Catch-22
109418,Grown Ups 2
8835,Legally Blonde
628,Interview with the Vampire
401,Garden State
30309,Real Women Have Curves
646,Dr. No
10034,High Heels and Low Lifes
335778,Risen
807,Se7en
9306,The Island of Dr. Moreau
72105,Ted
28932,F.I.S.T.
361398,Theresa Is a Mother
602,Independence Day
12182,Nick and Norah's Infinite Playlist
101299,The Hunger Games: Catching Fire
5925,The Great Escape
12763,Take the Lead
77953,The Campaign
37694,Proud
46435,Topsy-Turvy
41730,Desert Blue
19052,Light It Up
9310,American Dreamz
266034,The Blue Room
49527,Man on a Ledge
866,Finding Neverland
168259,Furious 7
9880,The Princess Diaries
16617,Mindhunters
59861,Larry Crowne
70,Million Dollar Baby
12107,Nutty Professor II: The Klumps
44770,The Exploding Girl
219716,Sparkler
1813,The Devil's Advocate
26486,The Last Shot
75900,My Week with Marilyn
172391,Khumba
10105,Saints and Soldiers
226857,Endless Love
262504,Allegiant
13501,The Good Night
504,Monster
10398,Double Jeopardy
12109,It's All Gone Pete Tong
1852,World Trade Center
23988,Stan Helsing
87567,The Big Wedding
34086,Spaced Invaders
13827,"Surfer, Dude"
12508,Rock Star
1268,Mr. Bean's Holiday
11516,Winged Migration
23082,The Invention of Lying
16888,The Ladies Man
392,Chocolat
3170,Bambi
10748,St. Trinian's
10204,Around the World in 80 Days
251979,The Perfect Wave
19912,The Final Destination
43653,The Living Wake
188927,Star Trek Beyond
10833,Heartbreakers
710,GoldenEye
19255,Away We Go
30139,Phat Girlz
19316,Saving Face
11313,Hearts in Atlantis
22556,The Yellow Handkerchief
60421,Circumstance
12177,The Love Guru
9043,The Family Stone
62215,Melancholia
22617,Dinner Rush
14629,Woman on Top
33,Unforgiven
9268,Eraser
208763,Forbidden Kingdom
43935,Dylan Dog: Dead of Night
9552,The Exorcist
12106,The Quick and the Dead
42819,The City of Your Final Destination
10410,Hoffa
10285,Jason Goes to Hell: The Final Friday
3512,Under Siege 2: Dark Territory
426067,Midnight Cabaret
8204,The Spiderwick Chronicles
82684,Chasing Mavericks
9662,The Triplets of Belleville
15121,The Sound of Music
14054,Snow Angels
232672,Blended
617,Wild Things
872,Singin' in the Rain
19904,The Stepfather
24469,Fish Tank
310131,The Witch
46838,Tucker and Dale vs Evil
43090,Gunless
2023,Hidalgo
1705,Battle for the Planet of the Apes
22825,The Box
11908,Hatchet
39541,Stolen Summer
10030,Good Luck Chuck
10437,The Muppet Christmas Carol
33676,Losin' It
1164,Babel
11460,Red Eye
9894,The Cable Guy
266857,The Work and The Story
21334,Children of Heaven
13490,Welcome Home Roscoe Jenkins
13187,A Charlie Brown Christmas
9490,Half Baked
10783,Lucky Numbers
11600,Redacted
5780,Torn Curtain
1636,Bedazzled
14177,Beauty Shop
40932,Can't Stop the Music
10761,Made of Honor
48217,The Widow of Saint-Pierre
11699,The Bad Lieutenant: Port of Call - New Orleans
120467,The Grand Budapest Hotel
714,Tomorrow Never Dies
4257,Scary Movie 4
2048,"I, Robot"
84329,Robot & Frank
10027,Unleashed
411,"The Chronicles of Narnia: The Lion, the Witch and the Wardrobe"
9396,Crocodile Dundee II
24137,An Ideal Husband
10283,Friday the 13th Part VIII: Jason Takes Manhattan
10786,Robin and Marian
266102,Desert Dancer
321697,Steve Jobs
38031,You Will Meet a Tall Dark Stranger
8968,Boogeyman
9700,The Lost City
8080,Suspect Zero
8970,The Out-of-Towners
27022,The Sorcerer's Apprentice
4638,Hot Fuzz
18276,Hoot
330,The Lost World: Jurassic Park
241239,A Most Violent Year
473,Pi
262543,Automata
11321,Seven Pounds
11247,A Cinderella Story
37686,Super 8
276907,Legend
11959,UHF
215,Saw II
58224,Mr. Popper's Penguins
10865,Atlantis: The Lost Empire
332285,Antibirth
414,Batman Forever
9548,The Adventures of Ford Fairlane
4464,Seabiscuit
300671,13 Hours: The Secret Soldiers of Benghazi
69,Walk the Line
13389,Righteous Kill
10350,Wing Commander
8408,Day of the Dead
227156,The Giver
9286,Final Destination 3
77877,The Lucky One
13996,Bottle Shock
11469,Black Knight
18533,Bronson
1382,Me and You and Everyone We Know
10758,Waitress
630,The Wizard of Oz
8007,Behind Enemy Lines
13435,Antwone Fisher
9725,Friday the 13th Part 2
11357,Halloween 4: The Return of Michael Myers
9671,Crocodile Dundee
87101,Terminator Genisys
36334,Deadline - U.S.A.
8978,Assault on Precinct 13
5174,Rush Hour 3
14869,G.I. Joe: The Rise of Cobra
347969,The Ridiculous 6
76285,Percy Jackson: Sea of Monsters
772,Home Alone 2: Lost in New York
9839,Beyond Borders
11561,Sleeper
62206,30 Minutes or Less
42807,The Newton Boys
11065,O
36597,Wuthering Heights
38322,"Big Mommas: Like Father, Like Son"
18360,Night at the Museum: Battle of the Smithsonian
75861,To Write Love on Her Arms
14396,Code Name: The Cleaner
192134,Dom Hemingway
9919,How to Lose a Guy in 10 Days
109445,Frozen
9912,The World's Fastest Indian
10315,Fantastic Mr. Fox
244786,Whiplash
325373,Two Lovers and a Bear
22820,Gentlemen Broncos
7461,Vantage Point
680,Pulp Fiction
70478,The Stewardesses
754,Face/Off
49471,Get on the Bus
39037,The Good Guy
50646,"Crazy, Stupid, Love."
1770,Michael Collins
25462,Two Can Play That Game
11979,Queen of the Damned
627,Trainspotting
10637,Remember the Titans
2069,The Whole Nine Yards
11431,Fever Pitch
24977,Michael Jordan to the Max
57120,Meek's Cutoff
245846,Strangerland
10501,The Road to El Dorado
10362,Two Lovers
13092,How to Lose Friends & Alienate People
45610,Machine Gun Preacher
1640,Crash
1687,Escape from the Planet of the Apes
9353,Nacho Libre
11978,Men of Honor
89,Indiana Jones and the Last Crusade
188652,The Ghastly Love of Johnny X
78149,"An Alan Smithee Film: Burn, Hollywood, Burn"
46138,Made in Dagenham
10436,The Age of Innocence
10154,Mickey Blue Eyes
314365,Spotlight
75174,The Grey
11172,Music and Lyrics
20055,The Betrayed
11253,Hellboy II: The Golden Army
14834,Not Easily Broken
38757,Tangled
752,V for Vendetta
11324,Shutter Island
622,The Ninth Gate
300168,Dragon Blade
16614,Adventureland
10776,Little Shop of Horrors
13279,Lakeview Terrace
11446,Welcome to the Dollhouse
26268,Harper
5723,Once
17768,A Funny Thing Happened on the Way to the Forum
694,The Shining
396152,Restoration
21525,Tupac: Resurrection
72213,Courageous
49950,The Roommate
10567,Dinosaur
21311,I Dreamed of Africa
805,Rosemary's Baby
11831,Amistad
195589,Neighbors
85350,Boyhood
287524,Fear Clinic
208134,Bad Grandpa
10187,Swing Vote
433715,8 Days
18480,Brüno
22267,Ride with the Devil
672,Harry Potter and the Chamber of Secrets
24869,Ink
78373,"Dancer, Texas Pop. 81"
246403,Tusk
9488,Spy Kids 2: The Island of Lost Dreams
12144,The Land Before Time
68724,Elysium
18734,L.I.E.
9667,The Jacket
1573,Die Hard 2
10391,Bless the Child
244776,The Sleepwalker
29406,Trucker
23742,Cop Out
73191,The Nutcracker
39691,Cats & Dogs 2 : The Revenge of Kitty Galore
76726,Chronicle
27573,The Bounty Hunter
39254,Real Steel
37710,The Tourist
16433,Grand Theft Parsons
3049,Ace Ventura: Pet Detective
1584,School of Rock
13193,Saved!
14048,Man on Wire
1831,The Next Best Thing
239566,Get on Up
25428,I Love Your Work
10333,The Prince of Tides
18206,Alone With Her
1550,Pieces of April
9563,Any Given Sunday
18615,Fur: An Imaginary Portrait of Diane Arbus
23706,All About Steve
190955,Blood Ties
340816,Christmas Eve
9495,The Crow
20504,The Book of Eli
14902,1776
3597,I Know What You Did Last Summer
2116,Out of Time
27588,Forget Me Not
36648,Blade: Trinity
147773,The Way Way Back
241257,Regression
790,The Fog
20520,The Motel
8681,Taken
22538,Scott Pilgrim vs. the World
79161,51 Birch Street
14220,Strange Wilderness
335244,Antarctic Edge: 70° South
12602,The Torture Chamber of Dr. Sadism
14351,Crossover
1255,The Host
455,Bend It Like Beckham
14165,Ta Ra Rum Pum
11544,Lilo & Stitch
54518,Justin Bieber: Never Say Never
350,The Devil Wears Prada
34106,You Can't Take It With You
53457,Sarah's Key
1677,Ray
5072,Severance
192136,Mandela: Long Walk to Freedom
10646,Tomcats
7735,The Wave
131634,The Hunger Games: Mockingjay - Part 2
123678,The Act of Killing
37414,The Killer Inside Me
78698,Big Miracle
14557,Dead Man on Campus
9289,The Longest Day
11051,The Last Temptation of Christ
11027,The Postman Always Rings Twice
1562,28 Weeks Later
25520,The House of Mirth
11917,Saw V
28211,Chloe
10658,Howard the Duck
25636,Jesus' Son
47941,Under the Rainbow
227783,The Nut Job
29595,Wal-Mart: The High Cost of Low Price
3033,Gods and Monsters
18785,The Hangover
30497,The Texas Chain Saw Massacre
16290,Jackass 3D
6957,The 40 Year Old Virgin
9798,Enemy of the State
26665,Aberdeen
2636,The Specialist
2639,Deconstructing Harry
20065,Purple Violets
109424,Captain Phillips
66468,N-Secure
2925,The First Wives Club
927,Gremlins
10603,George of the Jungle
9870,Forgetting Sarah Marshall
95755,Small Apartments
27023,Saint John of Las Vegas
49852,The Nutcracker: The Untold Story
25248,Saint Ralph
9656,Black Christmas
10873,Shadow of the Vampire
298584,Cabin Fever
10970,Silent Movie
7979,The Kite Runner
36586,Blade II
9281,Witness
181940,Carousel of Revenge
9718,Talladega Nights: The Ballad of Ricky Bobby
11287,A League of Their Own
440,Aliens vs Predator: Requiem
9454,Ever After: A Cinderella Story
17994,Witchboard
81005,Jack the Giant Slayer
43610,The Valley of Decision
9762,Step Up
256591,Focus
17610,Year One
20763,Radio Flyer
325173,Close Range
4550,Sympathy for Lady Vengeance
595,To Kill a Mockingbird
70074,Bullet to the Head
9849,My Favorite Martian
13150,Pride and Glory
10191,How to Train Your Dragon
400,Things to Do in Denver When You're Dead
45132,Super
8328,Step Up 2: The Streets
9285,Road Trip
1892,Return of the Jedi
28029,A Walk on the Moon
26748,Lone Star
9422,A Civil Action
287903,Krampus
43942,Freakonomics
12153,White Chicks
10625,Mean Girls
64720,Take Shelter
14429,Drive Me Crazy
834,Underworld: Evolution
184374,Cinco de Mayo: La Batalla
20770,But I'm a Cheerleader
10476,Hustle & Flow
2655,What Lies Beneath
37137,The Naked Gun 2½: The Smell of Fear
375290,Airlift
11141,Laws of Attraction
40658,Starsuckers
23398,Alvin and the Chipmunks: The Squeakquel
9804,Waterworld
98357,Broken City
37532,Slam
347755,Wind Walkers
4995,Boogie Nights
20981,The Call of Cthulhu
79587,Four Single Fathers
44896,Rango
87729,Jefferson in Paris
357834,The Algerian
99826,The Jimmy Show
15568,Gracie
150211,The Frozen
24432,Doogal
12610,Osmosis Jones
238615,Self/less
597,Titanic
10483,Death Race
231617,"Signed, Sealed, Delivered"
255266,Dry Spell
65759,Happy Feet Two
9823,Mortal Kombat: Annihilation
11665,Get Smart
68737,Seventh Son
658,Goldfinger
9726,A Good Year
607,Men in Black
10514,The Andromeda Strain
43434,Carlos
9899,The Producers
77951,Walking With Dinosaurs
9279,Jingle All the Way
3482,The Train
10061,Escape from L.A.
1934,Shakespeare in Love
24227,Excessive Force
1381,The Fountain
55779,Final Destination 5
378237,Amidst the Devil's Wings
60420,Like Crazy
11529,Sweet Home Alabama
17187,The Emperor's Club
52462,The Pet
11983,Proof of Life
77948,The Cold Light of Day
8053,The Three Burials of Melquiades Estrada
84892,The Perks of Being a Wallflower
91586,Insidious: Chapter 2
11661,Joyeux Noël
38541,The Divide
1495,Kingdom of Heaven
132232,Mama
103903,Outside Bet
9716,Everyone Says I Love You
682,The Man with the Golden Gun
24985,The Heart of Me
14438,Fireproof
162396,The Big Swap
266396,The Gunman
26899,The Mudge Boy
84204,Grabbers
10152,Dumb and Dumberer: When Harry Met Lloyd
324322,They Will Have to Kill Us First
97370,Under the Skin
39269,Out of the Blue
16353,Ong Bak 2
15512,Monsters vs Aliens
9429,A Night at the Roxbury
391,A Fistful of Dollars
10996,Stuart Little 2
11072,Blazing Saddles
144340,Admission
57022,Sunshine State
35691,Letters to God
10647,Pay It Forward
278,The Shawshank Redemption
177572,Big Hero 6
157909,Show Me
11042,The Barbarian Invasions
75033,Winnie Mandela
356216,The Rise of the Krays
11635,Old School
19844,Kiss the Bride
25388,March or Die
43306,A Guy Named Joe
244267,I Origins
1378,Shortbus
11404,Driving Lessons
9476,A Knight's Tale
22897,It's Complicated
21494,Moliere
308639,Dope
82533,Damsels in Distress
18238,Lesbian Vampire Killers
45272,Country Strong
13051,Max Payne
46829,Barney's Version
16162,The Best Man
13184,Bangkok Dangerous
146203,The Last Exorcism Part II
13495,Alatriste
10219,Snow Falling on Cedars
63287,The Poker House
316152,Free State of Jones
18487,The Taking of Pelham 1 2 3
10317,Our Brand Is Crisis
12289,Red Cliff
1555,The Spanish Apartment
18239,The Twilight Saga: New Moon
68818,Blackthorn
29262,The House of Sand
119450,Dawn of the Planet of the Apes
22479,Kansas City
35032,The Pirate
11371,The Score
16564,Winter in Wartime
49365,Lady in White
332411,I Am Wrath
310,Bruce Almighty
33511,Nowhere Boy
10183,Frozen River
288,High Noon
22947,Up in the Air
17622,Fifty Dead Men Walking
17264,The Black Stallion
333371,10 Cloverfield Lane
8818,Evita
584,2 Fast 2 Furious
4614,The Sum of All Fears
50321,Mars Needs Moms
10153,Sphere
25,Jarhead
32856,Valentine's Day
9348,Species
4474,My Super Ex-Girlfriend
218,The Terminator
801,"Good Morning, Vietnam"
324668,Jason Bourne
8386,How High
174751,Jane Got a Gun
61891,Anonymous
228967,The Interview
49040,The Bourne Legacy
4657,Jindabyne
19,Metropolis
5902,A Bridge Too Far
1933,The Others
153518,The Angry Birds Movie
321741,Concussion
44639,Inside Job
319,True Romance
9392,The Descent
10393,The Replacements
14164,Dragonball Evolution
9963,Premonition
10683,Happiness
2539,Spanglish
39939,Super Troopers
268238,The Second Best Exotic Marigold Hotel
6977,No Country for Old Men
25208,The Caveman's Valentine
199933,Atlas Shrugged Part III: Who is John Galt?
9027,The Guru
9266,Blue Crush
666,Central Station
12133,Step Brothers
142132,Sugar Town
951,Kindergarten Cop
44603,Hereafter
19995,Avatar
9793,The Hills Have Eyes 2
850,A Christmas Story
1779,Roger & Me
43923,It's Kind of a Funny Story
4597,Armored
157386,The Spectacular Now
163,Ocean's Twelve
103620,Maniac
31668,All The Queen's Men
9826,The Phantom
30128,I Hope They Serve Beer in Hell
29461,Soul Food
19933,The Brave Little Toaster
10545,The Hunchback of Notre Dame
225574,Non-Stop
1578,Raging Bull
864,Cool Runnings
16857,The Dangerous Lives of Altar Boys
9916,The Last Sin Eater
387,Das Boot
125537,Smiling Fish & Goat On Fire
24113,Town & Country
182291,On The Downlow
15655,The Tigger Movie
13909,She Wore a Yellow Ribbon
869,Planet of the Apes
306,Beverly Hills Cop III
310933,Bleeding Hearts
9074,The Man
16633,Somewhere in Time
12690,Appaloosa
29917,Exam
323677,Race
2752,40 Days and 40 Nights
206197,The Sisterhood of Night
14444,The Rugrats Movie
12281,Mean Creek
5172,The Astronaut Farmer
1018,Mulholland Drive
11507,Body Double
1547,The Lost Boys
7552,Fun with Dick and Jane
22051,Adam
10047,The Messenger: The Story of Joan of Arc
37003,U2 3D
119458,Supercapitalist
16363,The Best Little Whorehouse in Texas
10238,Cries and Whispers
13498,Man of the House
10028,Honey
9583,Divine Secrets of the Ya-Ya Sisterhood
112456,Hardflip
69270,Super Hybrid
6968,The Baader Meinhof Complex
1989,My Blueberry Nights
228326,The Book of Life
9448,The Big Hit
17044,The Land Girls
34806,The Back-Up Plan
9918,Glory Road
415,Batman & Robin
152532,Dallas Buyers Club
9311,Smilla's Sense of Snow
157841,The Young and Prodigious T.S. Spivet
1576,Resident Evil
8489,Ali
379532,Rodeo Girl
55721,Bridesmaids
136400,2 Guns
115872,The Chambermaid on the Titanic
9350,Cliffhanger
294086,Tiger Orange
423,The Pianist
37985,The Trials Of Darryl Hunt
6950,Outbreak
14976,Rachel Getting Married
14271,Beyond the Mat
181533,Night at the Museum: Secret of the Tomb
46705,Blue Valentine
76025,Shame
78814,We Have Your Husband
2140,Kiss of the Dragon
424,Schindler's List
54897,The Grace Card
2024,The Patriot
8390,"Definitely, Maybe"
186,Lucky Number Slevin
194588,Short Cut to Nirvana: Kumbh Mela
12271,Factory Girl
6877,Failure to Launch
10676,Halloween III: Season of the Witch
193610,The Other Woman
10137,Stuart Little
189,Sin City: A Dame to Kill For
322,Mystic River
64499,Quinceañera
70435,Haywire
51955,Hav Plenty
2661,Batman
